KeyLength,SecretKey,CharFreqRange,CharFreqMean,CharFreqMedian,CharFreqVariance,CharFreqStdDev,GuessCount,RunTime
1,I,0,1.0000,1,0.0000,0.0000,3,0.0482
2,IT,0,1.0000,1,0.0000,0.0000,4,0.0138
3,ITR,0,1.0000,1,0.0000,0.0000,6,0.0051
4,ITRI,1,1.3333,1,0.2222,0.4714,7,0.0037
5,ITRII,2,1.6667,1,0.8889,0.9428,7,0.0067
6,ITRIIM,2,1.5000,1,0.7500,0.8660,10,0.0070
7,ITRIIMI,3,1.7500,1,1.6875,1.2990,11,0.0081
8,ITRIIMIR,3,2.0000,2,1.5000,1.2247,13,0.0083
9,ITRIIMIRI,4,2.2500,2,2.6875,1.6394,14,0.0169
10,ITRIIMIRIT,4,2.5000,2,2.2500,1.5000,15,0.0107
11,ITRIIMIRITM,3,2.7500,2,1.6875,1.2990,16,0.0104
12,ITRIIMIRITMM,3,3.0000,3,1.5000,1.2247,18,0.0089
13,ITRIIMIRITMMM,3,3.2500,4,1.6875,1.2990,19,0.0092
14,ITRIIMIRITMMMI,4,3.5000,4,2.7500,1.6583,21,0.0153
15,ITRIIMIRITMMMIT,4,3.7500,4,2.1875,1.4790,22,0.0159
16,ITRIIMIRITMMMITT,4,4.0000,4,2.0000,1.4142,23,0.0163
17,ITRIIMIRITMMMITTT,4,4.2500,5,2.1875,1.4790,25,0.0214
18,ITRIIMIRITMMMITTTR,3,4.5000,5,1.2500,1.1180,26,0.0169
19,ITRIIMIRITMMMITTTRT,3,4.7500,6,1.6875,1.2990,28,0.0191
20,ITRIIMIRITMMMITTTRTR,2,5.0000,6,1.0000,1.0000,29,0.0212
21,ITRIIMIRITMMMITTTRTRM,2,5.2500,6,0.6875,0.8292,31,0.0285
22,ITRIIMIRITMMMITTTRTRMM,2,5.5000,6,0.7500,0.8660,34,0.0271
23,ITRIIMIRITMMMITTTRTRMMR,1,5.7500,6,0.1875,0.4330,35,0.0292
24,ITRIIMIRITMMMITTTRTRMMRM,2,6.0000,6,0.5000,0.7071,37,0.0331
25,ITRIIMIRITMMMITTTRTRMMRMR,1,6.2500,6,0.1875,0.4330,39,0.0362
26,ITRIIMIRITMMMITTTRTRMMRMRI,1,6.5000,7,0.2500,0.5000,40,0.0446
27,ITRIIMIRITMMMITTTRTRMMRMRIR,1,6.7500,7,0.1875,0.4330,42,0.0439
28,ITRIIMIRITMMMITTTRTRMMRMRIRR,2,7.0000,7,0.5000,0.7071,43,0.0537
29,ITRIIMIRITMMMITTTRTRMMRMRIRRI,2,7.2500,8,0.6875,0.8292,44,0.0511
30,ITRIIMIRITMMMITTTRTRMMRMRIRRIR,3,7.5000,8,1.2500,1.1180,45,0.0555
31,ITRIIMIRITMMMITTTRTRMMRMRIRRIRT,2,7.7500,8,0.6875,0.8292,46,0.0627
32,ITRIIMIRITMMMITTTRTRMMRMRIRRIRTI,2,8.0000,9,1.0000,1.0000,48,0.0691
33,ITRIIMIRITMMMITTTRTRMMRMRIRRIRTIR,3,8.2500,9,1.6875,1.2990,49,0.0723
34,ITRIIMIRITMMMITTTRTRMMRMRIRRIRTIRM,3,8.5000,9,1.2500,1.1180,50,0.0778
35,ITRIIMIRITMMMITTTRTRMMRMRIRRIRTIRMI,3,8.7500,10,1.6875,1.2990,52,0.0915
36,ITRIIMIRITMMMITTTRTRMMRMRIRRIRTIRMIM,3,9.0000,10,1.5000,1.2247,53,0.1021
37,ITRIIMIRITMMMITTTRTRMMRMRIRRIRTIRMIMM,3,9.2500,10,1.6875,1.2990,56,0.1108
38,ITRIIMIRITMMMITTTRTRMMRMRIRRIRTIRMIMMR,4,9.5000,10,2.2500,1.5000,57,0.1217
39,ITRIIMIRITMMMITTTRTRMMRMRIRRIRTIRMIMMRT,3,9.7500,10,1.1875,1.0897,58,0.1292
40,ITRIIMIRITMMMITTTRTRMMRMRIRRIRTIRMIMMRTT,2,10.0000,10,0.5000,0.7071,60,0.1315
41,ITRIIMIRITMMMITTTRTRMMRMRIRRIRTIRMIMMRTTT,1,10.2500,10,0.1875,0.4330,62,0.1671
42,ITRIIMIRITMMMITTTRTRMMRMRIRRIRTIRMIMMRTTTI,1,10.5000,11,0.2500,0.5000,64,0.1632
43,ITRIIMIRITMMMITTTRTRMMRMRIRRIRTIRMIMMRTTTIM,1,10.7500,11,0.1875,0.4330,66,0.1662
44,ITRIIMIRITMMMITTTRTRMMRMRIRRIRTIRMIMMRTTTIMT,0,11.0000,11,0.0000,0.0000,67,0.1851
45,ITRIIMIRITMMMITTTRTRMMRMRIRRIRTIRMIMMRTTTIMTI,1,11.2500,11,0.1875,0.4330,69,0.1941
46,ITRIIMIRITMMMITTTRTRMMRMRIRRIRTIRMIMMRTTTIMTIT,1,11.5000,12,0.2500,0.5000,70,0.2188
47,ITRIIMIRITMMMITTTRTRMMRMRIRRIRTIRMIMMRTTTIMTITI,2,11.7500,12,0.6875,0.8292,71,0.2334
48,ITRIIMIRITMMMITTTRTRMMRMRIRRIRTIRMIMMRTTTIMTITII,3,12.0000,12,1.5000,1.2247,72,0.2372
49,ITRIIMIRITMMMITTTRTRMMRMRIRRIRTIRMIMMRTTTIMTITIIT,3,12.2500,13,1.6875,1.2990,73,0.2543
50,ITRIIMIRITMMMITTTRTRMMRMRIRRIRTIRMIMMRTTTIMTITIITR,3,12.5000,13,1.2500,1.1180,74,0.2686
51,ITRIIMIRITMMMITTTRTRMMRMRIRRIRTIRMIMMRTTTIMTITIITRT,3,12.7500,14,1.6875,1.2990,76,0.2618
52,ITRIIMIRITMMMITTTRTRMMRMRIRRIRTIRMIMMRTTTIMTITIITRTM,2,13.0000,14,1.0000,1.0000,77,0.2769
53,ITRIIMIRITMMMITTTRTRMMRMRIRRIRTIRMIMMRTTTIMTITIITRTMI,3,13.2500,14,1.6875,1.2990,79,0.3256
54,ITRIIMIRITMMMITTTRTRMMRMRIRRIRTIRMIMMRTTTIMTITIITRTMII,4,13.5000,14,2.7500,1.6583,80,0.3341
55,ITRIIMIRITMMMITTTRTRMMRMRIRRIRTIRMIMMRTTTIMTITIITRTMIIT,4,13.7500,15,3.1875,1.7854,81,0.3333
56,ITRIIMIRITMMMITTTRTRMMRMRIRRIRTIRMIMMRTTTIMTITIITRTMIITT,4,14.0000,16,4.0000,2.0000,82,0.3722
57,ITRIIMIRITMMMITTTRTRMMRMRIRRIRTIRMIMMRTTTIMTITIITRTMIITTR,4,14.2500,16,3.1875,1.7854,83,0.3559
58,ITRIIMIRITMMMITTTRTRMMRMRIRRIRTIRMIMMRTTTIMTITIITRTMIITTRI,5,14.5000,16,4.2500,2.0616,85,0.3999
59,ITRIIMIRITMMMITTTRTRMMRMRIRRIRTIRMIMMRTTTIMTITIITRTMIITTRIR,5,14.7500,16,3.6875,1.9203,86,0.4234
60,ITRIIMIRITMMMITTTRTRMMRMRIRRIRTIRMIMMRTTTIMTITIITRTMIITTRIRR,5,15.0000,16,3.5000,1.8708,88,0.4428
61,ITRIIMIRITMMMITTTRTRMMRMRIRRIRTIRMIMMRTTTIMTITIITRTMIITTRIRRT,5,15.2500,17,4.1875,2.0463,90,0.6580
62,ITRIIMIRITMMMITTTRTRMMRMRIRRIRTIRMIMMRTTTIMTITIITRTMIITTRIRRTM,4,15.5000,17,2.7500,1.6583,91,0.5615
63,ITRIIMIRITMMMITTTRTRMMRMRIRRIRTIRMIMMRTTTIMTITIITRTMIITTRIRRTMI,5,15.7500,17,3.6875,1.9203,93,0.5023
64,ITRIIMIRITMMMITTTRTRMMRMRIRRIRTIRMIMMRTTTIMTITIITRTMIITTRIRRTMII,6,16.0000,17,5.0000,2.2361,94,0.6795
65,ITRIIMIRITMMMITTTRTRMMRMRIRRIRTIRMIMMRTTTIMTITIITRTMIITTRIRRTMIII,7,16.2500,17,6.6875,2.5860,95,0.5447
66,ITRIIMIRITMMMITTTRTRMMRMRIRRIRTIRMIMMRTTTIMTITIITRTMIITTRIRRTMIIIR,7,16.5000,17,6.2500,2.5000,96,0.5585
67,ITRIIMIRITMMMITTTRTRMMRMRIRRIRTIRMIMMRTTTIMTITIITRTMIITTRIRRTMIIIRR,7,16.7500,17,6.1875,2.4875,99,0.6627
68,ITRIIMIRITMMMITTTRTRMMRMRIRRIRTIRMIMMRTTTIMTITIITRTMIITTRIRRTMIIIRRM,6,17.0000,17,4.5000,2.1213,100,0.6330
69,ITRIIMIRITMMMITTTRTRMMRMRIRRIRTIRMIMMRTTTIMTITIITRTMIITTRIRRTMIIIRRMM,5,17.2500,17,3.1875,1.7854,102,1.1770
70,ITRIIMIRITMMMITTTRTRMMRMRIRRIRTIRMIMMRTTTIMTITIITRTMIITTRIRRTMIIIRRMMM,4,17.5000,17,2.2500,1.5000,104,1.1996
71,ITRIIMIRITMMMITTTRTRMMRMRIRRIRTIRMIMMRTTTIMTITIITRTMIITTRIRRTMIIIRRMMMR,4,17.7500,18,2.1875,1.4790,106,0.8699
72,ITRIIMIRITMMMITTTRTRMMRMRIRRIRTIRMIMMRTTTIMTITIITRTMIITTRIRRTMIIIRRMMMRI,5,18.0000,18,3.5000,1.8708,107,0.8782
73,ITRIIMIRITMMMITTTRTRMMRMRIRRIRTIRMIMMRTTTIMTITIITRTMIITTRIRRTMIIIRRMMMRIR,5,18.2500,19,3.6875,1.9203,108,0.8608
74,ITRIIMIRITMMMITTTRTRMMRMRIRRIRTIRMIMMRTTTIMTITIITRTMIITTRIRRTMIIIRRMMMRIRI,6,18.5000,19,5.2500,2.2913,109,0.9084
75,ITRIIMIRITMMMITTTRTRMMRMRIRRIRTIRMIMMRTTTIMTITIITRTMIITTRIRRTMIIIRRMMMRIRIM,5,18.7500,19,4.1875,2.0463,110,0.9251
76,ITRIIMIRITMMMITTTRTRMMRMRIRRIRTIRMIMMRTTTIMTITIITRTMIITTRIRRTMIIIRRMMMRIRIMT,5,19.0000,19,3.5000,1.8708,112,0.9967
77,ITRIIMIRITMMMITTTRTRMMRMRIRRIRTIRMIMMRTTTIMTITIITRTMIITTRIRRTMIIIRRMMMRIRIMTM,4,19.2500,19,2.6875,1.6394,114,0.9968
78,ITRIIMIRITMMMITTTRTRMMRMRIRRIRTIRMIMMRTTTIMTITIITRTMIITTRIRRTMIIIRRMMMRIRIMTMI,5,19.5000,19,4.2500,2.0616,116,1.0505
79,ITRIIMIRITMMMITTTRTRMMRMRIRRIRTIRMIMMRTTTIMTITIITRTMIITTRIRRTMIIIRRMMMRIRIMTMIT,5,19.7500,19,3.6875,1.9203,117,1.2599
80,ITRIIMIRITMMMITTTRTRMMRMRIRRIRTIRMIMMRTTTIMTITIITRTMIITTRIRRTMIIIRRMMMRIRIMTMITT,5,20.0000,20,3.5000,1.8708,119,2.0661
81,ITRIIMIRITMMMITTTRTRMMRMRIRRIRTIRMIMMRTTTIMTITIITRTMIITTRIRRTMIIIRRMMMRIRIMTMITTT,5,20.2500,21,3.6875,1.9203,120,2.1659
82,ITRIIMIRITMMMITTTRTRMMRMRIRRIRTIRMIMMRTTTIMTITIITRTMIITTRIRRTMIIIRRMMMRIRIMTMITTTI,6,20.5000,21,5.2500,2.2913,121,2.3069
83,ITRIIMIRITMMMITTTRTRMMRMRIRRIRTIRMIMMRTTTIMTITIITRTMIITTRIRRTMIIIRRMMMRIRIMTMITTTIT,6,20.7500,22,5.6875,2.3848,122,2.4402
84,ITRIIMIRITMMMITTTRTRMMRMRIRRIRTIRMIMMRTTTIMTITIITRTMIITTRIRRTMIIIRRMMMRIRIMTMITTTITI,7,21.0000,22,7.5000,2.7386,123,2.4789
85,ITRIIMIRITMMMITTTRTRMMRMRIRRIRTIRMIMMRTTTIMTITIITRTMIITTRIRRTMIIIRRMMMRIRIMTMITTTITII,8,21.2500,22,9.6875,3.1125,124,2.5568
86,ITRIIMIRITMMMITTTRTRMMRMRIRRIRTIRMIMMRTTTIMTITIITRTMIITTRIRRTMIIIRRMMMRIRIMTMITTTITIIR,8,21.5000,22,8.7500,2.9580,125,1.9074
87,ITRIIMIRITMMMITTTRTRMMRMRIRRIRTIRMIMMRTTTIMTITIITRTMIITTRIRRTMIIIRRMMMRIRIMTMITTTITIIRR,8,21.7500,22,8.1875,2.8614,127,1.3713
88,ITRIIMIRITMMMITTTRTRMMRMRIRRIRTIRMIMMRTTTIMTITIITRTMIITTRIRRTMIIIRRMMMRIRIMTMITTTITIIRRM,7,22.0000,22,6.5000,2.5495,129,1.3681
89,ITRIIMIRITMMMITTTRTRMMRMRIRRIRTIRMIMMRTTTIMTITIITRTMIITTRIRRTMIIIRRMMMRIRIMTMITTTITIIRRMR,7,22.2500,22,6.1875,2.4875,132,1.4165
90,ITRIIMIRITMMMITTTRTRMMRMRIRRIRTIRMIMMRTTTIMTITIITRTMIITTRIRRTMIIIRRMMMRIRIMTMITTTITIIRRMRR,7,22.5000,23,6.2500,2.5000,133,1.4559
91,ITRIIMIRITMMMITTTRTRMMRMRIRRIRTIRMIMMRTTTIMTITIITRTMIITTRIRRTMIIIRRMMMRIRIMTMITTTITIIRRMRRT,7,22.7500,23,6.1875,2.4875,134,1.5170
92,ITRIIMIRITMMMITTTRTRMMRMRIRRIRTIRMIMMRTTTIMTITIITRTMIITTRIRRTMIIIRRMMMRIRIMTMITTTITIIRRMRRTR,7,23.0000,24,6.5000,2.5495,136,1.6154
93,ITRIIMIRITMMMITTTRTRMMRMRIRRIRTIRMIMMRTTTIMTITIITRTMIITTRIRRTMIIIRRMMMRIRIMTMITTTITIIRRMRRTRR,7,23.2500,25,7.1875,2.6810,137,1.6200
94,ITRIIMIRITMMMITTTRTRMMRMRIRRIRTIRMIMMRTTTIMTITIITRTMIITTRIRRTMIIIRRMMMRIRIMTMITTTITIIRRMRRTRRM,6,23.5000,25,5.2500,2.2913,138,1.6284
95,ITRIIMIRITMMMITTTRTRMMRMRIRRIRTIRMIMMRTTTIMTITIITRTMIITTRIRRTMIIIRRMMMRIRIMTMITTTITIIRRMRRTRRMI,7,23.7500,25,6.6875,2.5860,140,1.7306
96,ITRIIMIRITMMMITTTRTRMMRMRIRRIRTIRMIMMRTTTIMTITIITRTMIITTRIRRTMIIIRRMMMRIRIMTMITTTITIIRRMRRTRRMIM,6,24.0000,25,5.0000,2.2361,141,1.8636
97,ITRIIMIRITMMMITTTRTRMMRMRIRRIRTIRMIMMRTTTIMTITIITRTMIITTRIRRTMIIIRRMMMRIRIMTMITTTITIIRRMRRTRRMIMT,6,24.2500,25,4.6875,2.1651,143,1.8771
98,ITRIIMIRITMMMITTTRTRMMRMRIRRIRTIRMIMMRTTTIMTITIITRTMIITTRIRRTMIIIRRMMMRIRIMTMITTTITIIRRMRRTRRMIMTT,6,24.5000,25,4.7500,2.1794,145,1.9542
99,ITRIIMIRITMMMITTTRTRMMRMRIRRIRTIRMIMMRTTTIMTITIITRTMIITTRIRRTMIIIRRMMMRIRIMTMITTTITIIRRMRRTRRMIMTTI,7,24.7500,25,6.1875,2.4875,147,2.0758
100,ITRIIMIRITMMMITTTRTRMMRMRIRRIRTIRMIMMRTTTIMTITIITRTMIITTRIRRTMIIIRRMMMRIRIMTMITTTITIIRRMRRTRRMIMTTII,8,25.0000,25,8.0000,2.8284,148,2.0772
101,ITRIIMIRITMMMITTTRTRMMRMRIRRIRTIRMIMMRTTTIMTITIITRTMIITTRIRRTMIIIRRMMMRIRIMTMITTTITIIRRMRRTRRMIMTTIIR,8,25.2500,26,8.1875,2.8614,149,2.1248
102,ITRIIMIRITMMMITTTRTRMMRMRIRRIRTIRMIMMRTTTIMTITIITRTMIITTRIRRTMIIIRRMMMRIRIMTMITTTITIIRRMRRTRRMIMTTIIRR,8,25.5000,27,8.7500,2.9580,150,2.1687
103,ITRIIMIRITMMMITTTRTRMMRMRIRRIRTIRMIMMRTTTIMTITIITRTMIITTRIRRTMIIIRRMMMRIRIMTMITTTITIIRRMRRTRRMIMTTIIRRT,8,25.7500,27,8.6875,2.9475,151,2.0958
104,ITRIIMIRITMMMITTTRTRMMRMRIRRIRTIRMIMMRTTTIMTITIITRTMIITTRIRRTMIIIRRMMMRIRIMTMITTTITIIRRMRRTRRMIMTTIIRRTM,7,26.0000,27,6.5000,2.5495,153,2.2134
105,ITRIIMIRITMMMITTTRTRMMRMRIRRIRTIRMIMMRTTTIMTITIITRTMIITTRIRRTMIIIRRMMMRIRIMTMITTTITIIRRMRRTRRMIMTTIIRRTMT,7,26.2500,27,6.6875,2.5860,155,2.2660
106,ITRIIMIRITMMMITTTRTRMMRMRIRRIRTIRMIMMRTTTIMTITIITRTMIITTRIRRTMIIIRRMMMRIRIMTMITTTITIIRRMRRTRRMIMTTIIRRTMTT,7,26.5000,28,7.2500,2.6926,157,2.3350
107,ITRIIMIRITMMMITTTRTRMMRMRIRRIRTIRMIMMRTTTIMTITIITRTMIITTRIRRTMIIIRRMMMRIRIMTMITTTITIIRRMRRTRRMIMTTIIRRTMTTR,7,26.7500,28,7.6875,2.7726,159,2.3868
108,ITRIIMIRITMMMITTTRTRMMRMRIRRIRTIRMIMMRTTTIMTITIITRTMIITTRIRRTMIIIRRMMMRIRIMTMITTTITIIRRMRRTRRMIMTTIIRRTMTTRI,8,27.0000,28,9.0000,3.0000,160,2.4707
109,ITRIIMIRITMMMITTTRTRMMRMRIRRIRTIRMIMMRTTTIMTITIITRTMIITTRIRRTMIIIRRMMMRIRIMTMITTTITIIRRMRRTRRMIMTTIIRRTMTTRIM,7,27.2500,28,6.6875,2.5860,161,2.5167
110,ITRIIMIRITMMMITTTRTRMMRMRIRRIRTIRMIMMRTTTIMTITIITRTMIITTRIRRTMIIIRRMMMRIRIMTMITTTITIIRRMRRTRRMIMTTIIRRTMTTRIMI,8,27.5000,28,8.2500,2.8723,163,2.6364
111,ITRIIMIRITMMMITTTRTRMMRMRIRRIRTIRMIMMRTTTIMTITIITRTMIITTRIRRTMIIIRRMMMRIRIMTMITTTITIIRRMRRTRRMIMTTIIRRTMTTRIMIT,8,27.7500,29,8.6875,2.9475,164,2.6590
112,ITRIIMIRITMMMITTTRTRMMRMRIRRIRTIRMIMMRTTTIMTITIITRTMIITTRIRRTMIIIRRMMMRIRIMTMITTTITIIRRMRRTRRMIMTTIIRRTMTTRIMITR,8,28.0000,29,9.0000,3.0000,166,2.7591
113,ITRIIMIRITMMMITTTRTRMMRMRIRRIRTIRMIMMRTTTIMTITIITRTMIITTRIRRTMIIIRRMMMRIRIMTMITTTITIIRRMRRTRRMIMTTIIRRTMTTRIMITRT,8,28.2500,30,9.6875,3.1125,167,2.7922
114,ITRIIMIRITMMMITTTRTRMMRMRIRRIRTIRMIMMRTTTIMTITIITRTMIITTRIRRTMIIIRRMMMRIRIMTMITTTITIIRRMRRTRRMIMTTIIRRTMTTRIMITRTT,8,28.5000,31,10.7500,3.2787,168,2.9017
115,ITRIIMIRITMMMITTTRTRMMRMRIRRIRTIRMIMMRTTTIMTITIITRTMIITTRIRRTMIIIRRMMMRIRIMTMITTTITIIRRMRRTRRMIMTTIIRRTMTTRIMITRTTT,9,28.7500,31,12.1875,3.4911,169,2.9672
116,ITRIIMIRITMMMITTTRTRMMRMRIRRIRTIRMIMMRTTTIMTITIITRTMIITTRIRRTMIIIRRMMMRIRIMTMITTTITIIRRMRRTRRMIMTTIIRRTMTTRIMITRTTTM,8,29.0000,31,9.5000,3.0822,170,3.1084
117,ITRIIMIRITMMMITTTRTRMMRMRIRRIRTIRMIMMRTTTIMTITIITRTMIITTRIRRTMIIIRRMMMRIRIMTMITTTITIIRRMRRTRRMIMTTIIRRTMTTRIMITRTTTMT,9,29.2500,31,11.1875,3.3448,172,3.1321
118,ITRIIMIRITMMMITTTRTRMMRMRIRRIRTIRMIMMRTTTIMTITIITRTMIITTRIRRTMIIIRRMMMRIRIMTMITTTITIIRRMRRTRRMIMTTIIRRTMTTRIMITRTTTMTM,8,29.5000,31,8.7500,2.9580,173,3.2081
119,ITRIIMIRITMMMITTTRTRMMRMRIRRIRTIRMIMMRTTTIMTITIITRTMIITTRIRRTMIIIRRMMMRIRIMTMITTTITIIRRMRRTRRMIMTTIIRRTMTTRIMITRTTTMTMR,8,29.7500,31,8.6875,2.9475,175,3.2848
120,ITRIIMIRITMMMITTTRTRMMRMRIRRIRTIRMIMMRTTTIMTITIITRTMIITTRIRRTMIIIRRMMMRIRIMTMITTTITIIRRMRRTRRMIMTTIIRRTMTTRIMITRTTTMTMRR,8,30.0000,31,9.0000,3.0000,178,3.5660
121,ITRIIMIRITMMMITTTRTRMMRMRIRRIRTIRMIMMRTTTIMTITIITRTMIITTRIRRTMIIIRRMMMRIRIMTMITTTITIIRRMRRTRRMIMTTIIRRTMTTRIMITRTTTMTMRRT,9,30.2500,31,10.6875,3.2692,179,3.4847
122,ITRIIMIRITMMMITTTRTRMMRMRIRRIRTIRMIMMRTTTIMTITIITRTMIITTRIRRTMIIIRRMMMRIRIMTMITTTITIIRRMRRTRRMIMTTIIRRTMTTRIMITRTTTMTMRRTR,9,30.5000,32,11.2500,3.3541,180,3.5783
123,ITRIIMIRITMMMITTTRTRMMRMRIRRIRTIRMIMMRTTTIMTITIITRTMIITTRIRRTMIIIRRMMMRIRIMTMITTTITIIRRMRRTRRMIMTTIIRRTMTTRIMITRTTTMTMRRTRI,9,30.7500,32,11.6875,3.4187,181,3.6967
124,ITRIIMIRITMMMITTTRTRMMRMRIRRIRTIRMIMMRTTTIMTITIITRTMIITTRIRRTMIIIRRMMMRIRIMTMITTTITIIRRMRRTRRMIMTTIIRRTMTTRIMITRTTTMTMRRTRIT,10,31.0000,32,13.5000,3.6742,183,3.7964
125,ITRIIMIRITMMMITTTRTRMMRMRIRRIRTIRMIMMRTTTIMTITIITRTMIITTRIRRTMIIIRRMMMRIRIMTMITTTITIIRRMRRTRRMIMTTIIRRTMTTRIMITRTTTMTMRRTRITI,10,31.2500,33,14.1875,3.7666,184,3.8244
126,ITRIIMIRITMMMITTTRTRMMRMRIRRIRTIRMIMMRTTTIMTITIITRTMIITTRIRRTMIIIRRMMMRIRIMTMITTTITIIRRMRRTRRMIMTTIIRRTMTTRIMITRTTTMTMRRTRITIM,9,31.5000,33,11.2500,3.3541,185,3.9071
127,ITRIIMIRITMMMITTTRTRMMRMRIRRIRTIRMIMMRTTTIMTITIITRTMIITTRIRRTMIIIRRMMMRIRIMTMITTTITIIRRMRRTRRMIMTTIIRRTMTTRIMITRTTTMTMRRTRITIMT,10,31.7500,33,13.1875,3.6315,187,4.0091
128,ITRIIMIRITMMMITTTRTRMMRMRIRRIRTIRMIMMRTTTIMTITIITRTMIITTRIRRTMIIIRRMMMRIRIMTMITTTITIIRRMRRTRRMIMTTIIRRTMTTRIMITRTTTMTMRRTRITIMTI,10,32.0000,34,14.0000,3.7417,188,4.1192
129,ITRIIMIRITMMMITTTRTRMMRMRIRRIRTIRMIMMRTTTIMTITIITRTMIITTRIRRTMIIIRRMMMRIRIMTMITTTITIIRRMRRTRRMIMTTIIRRTMTTRIMITRTTTMTMRRTRITIMTIM,9,32.2500,34,11.1875,3.3448,189,4.1783
130,ITRIIMIRITMMMITTTRTRMMRMRIRRIRTIRMIMMRTTTIMTITIITRTMIITTRIRRTMIIIRRMMMRIRIMTMITTTITIIRRMRRTRRMIMTTIIRRTMTTRIMITRTTTMTMRRTRITIMTIMM,8,32.5000,34,8.7500,2.9580,191,4.2814
131,ITRIIMIRITMMMITTTRTRMMRMRIRRIRTIRMIMMRTTTIMTITIITRTMIITTRIRRTMIIIRRMMMRIRIMTMITTTITIIRRMRRTRRMIMTTIIRRTMTTRIMITRTTTMTMRRTRITIMTIMMM,7,32.7500,34,6.6875,2.5860,193,4.3697
132,ITRIIMIRITMMMITTTRTRMMRMRIRRIRTIRMIMMRTTTIMTITIITRTMIITTRIRRTMIIIRRMMMRIRIMTMITTTITIIRRMRRTRRMIMTTIIRRTMTTRIMITRTTTMTMRRTRITIMTIMMMR,7,33.0000,34,6.5000,2.5495,195,4.5479
133,ITRIIMIRITMMMITTTRTRMMRMRIRRIRTIRMIMMRTTTIMTITIITRTMIITTRIRRTMIIIRRMMMRIRIMTMITTTITIIRRMRRTRRMIMTTIIRRTMTTRIMITRTTTMTMRRTRITIMTIMMMRT,8,33.2500,34,8.1875,2.8614,197,4.5540
134,ITRIIMIRITMMMITTTRTRMMRMRIRRIRTIRMIMMRTTTIMTITIITRTMIITTRIRRTMIIIRRMMMRIRIMTMITTTITIIRRMRRTRRMIMTTIIRRTMTTRIMITRTTTMTMRRTRITIMTIMMMRTM,7,33.5000,34,6.2500,2.5000,198,4.6400
135,ITRIIMIRITMMMITTTRTRMMRMRIRRIRTIRMIMMRTTTIMTITIITRTMIITTRIRRTMIIIRRMMMRIRIMTMITTTITIIRRMRRTRRMIMTTIIRRTMTTRIMITRTTTMTMRRTRITIMTIMMMRTMI,7,33.7500,35,6.6875,2.5860,200,4.8995
136,ITRIIMIRITMMMITTTRTRMMRMRIRRIRTIRMIMMRTTTIMTITIITRTMIITTRIRRTMIIIRRMMMRIRIMTMITTTITIIRRMRRTRRMIMTTIIRRTMTTRIMITRTTTMTMRRTRITIMTIMMMRTMII,7,34.0000,36,7.5000,2.7386,201,4.8905
137,ITRIIMIRITMMMITTTRTRMMRMRIRRIRTIRMIMMRTTTIMTITIITRTMIITTRIRRTMIIIRRMMMRIRIMTMITTTITIIRRMRRTRRMIMTTIIRRTMTTRIMITRTTTMTMRRTRITIMTIMMMRTMIIT,8,34.2500,36,9.1875,3.0311,202,4.9544
138,ITRIIMIRITMMMITTTRTRMMRMRIRRIRTIRMIMMRTTTIMTITIITRTMIITTRIRRTMIIIRRMMMRIRIMTMITTTITIIRRMRRTRRMIMTTIIRRTMTTRIMITRTTTMTMRRTRITIMTIMMMRTMIITI,8,34.5000,37,10.2500,3.2016,203,5.0439
139,ITRIIMIRITMMMITTTRTRMMRMRIRRIRTIRMIMMRTTTIMTITIITRTMIITTRIRRTMIIIRRMMMRIRIMTMITTTITIIRRMRRTRRMIMTTIIRRTMTTRIMITRTTTMTMRRTRITIMTIMMMRTMIITIT,9,34.7500,37,12.1875,3.4911,204,5.1979
140,ITRIIMIRITMMMITTTRTRMMRMRIRRIRTIRMIMMRTTTIMTITIITRTMIITTRIRRTMIIIRRMMMRIRIMTMITTTITIIRRMRRTRRMIMTTIIRRTMTTRIMITRTTTMTMRRTRITIMTIMMMRTMIITITI,9,35.0000,38,13.5000,3.6742,205,5.2776
141,ITRIIMIRITMMMITTTRTRMMRMRIRRIRTIRMIMMRTTTIMTITIITRTMIITTRIRRTMIIIRRMMMRIRIMTMITTTITIIRRMRRTRRMIMTTIIRRTMTTRIMITRTTTMTMRRTRITIMTIMMMRTMIITITIM,8,35.2500,38,11.1875,3.3448,206,5.4831
142,ITRIIMIRITMMMITTTRTRMMRMRIRRIRTIRMIMMRTTTIMTITIITRTMIITTRIRRTMIIIRRMMMRIRIMTMITTTITIIRRMRRTRRMIMTTIIRRTMTTRIMITRTTTMTMRRTRITIMTIMMMRTMIITITIMM,7,35.5000,38,9.2500,3.0414,208,5.9137
143,ITRIIMIRITMMMITTTRTRMMRMRIRRIRTIRMIMMRTTTIMTITIITRTMIITTRIRRTMIIIRRMMMRIRIMTMITTTITIIRRMRRTRRMIMTTIIRRTMTTRIMITRTTTMTMRRTRITIMTIMMMRTMIITITIMMR,7,35.7500,38,8.1875,2.8614,210,6.0371
144,ITRIIMIRITMMMITTTRTRMMRMRIRRIRTIRMIMMRTTTIMTITIITRTMIITTRIRRTMIIIRRMMMRIRIMTMITTTITIIRRMRRTRRMIMTTIIRRTMTTRIMITRTTTMTMRRTRITIMTIMMMRTMIITITIMMRT,8,36.0000,38,10.0000,3.1623,212,7.2022
145,ITRIIMIRITMMMITTTRTRMMRMRIRRIRTIRMIMMRTTTIMTITIITRTMIITTRIRRTMIIIRRMMMRIRIMTMITTTITIIRRMRRTRRMIMTTIIRRTMTTRIMITRTTTMTMRRTRITIMTIMMMRTMIITITIMMRTR,8,36.2500,38,9.1875,3.0311,213,11.7184
146,ITRIIMIRITMMMITTTRTRMMRMRIRRIRTIRMIMMRTTTIMTITIITRTMIITTRIRRTMIIIRRMMMRIRIMTMITTTITIIRRMRRTRRMIMTTIIRRTMTTRIMITRTTTMTMRRTRITIMTIMMMRTMIITITIMMRTRR,8,36.5000,38,8.7500,2.9580,215,12.2166
147,ITRIIMIRITMMMITTTRTRMMRMRIRRIRTIRMIMMRTTTIMTITIITRTMIITTRIRRTMIIIRRMMMRIRIMTMITTTITIIRRMRRTRRMIMTTIIRRTMTTRIMITRTTTMTMRRTRITIMTIMMMRTMIITITIMMRTRRR,8,36.7500,38,8.6875,2.9475,217,9.1733
148,ITRIIMIRITMMMITTTRTRMMRMRIRRIRTIRMIMMRTTTIMTITIITRTMIITTRIRRTMIIIRRMMMRIRIMTMITTTITIIRRMRRTRRMIMTTIIRRTMTTRIMITRTTTMTMRRTRITIMTIMMMRTMIITITIMMRTRRRR,8,37.0000,38,9.0000,3.0000,220,6.6001
149,ITRIIMIRITMMMITTTRTRMMRMRIRRIRTIRMIMMRTTTIMTITIITRTMIITTRIRRTMIIIRRMMMRIRIMTMITTTITIIRRMRRTRRMIMTTIIRRTMTTRIMITRTTTMTMRRTRITIMTIMMMRTMIITITIMMRTRRRRM,7,37.2500,38,6.6875,2.5860,221,6.7498
150,ITRIIMIRITMMMITTTRTRMMRMRIRRIRTIRMIMMRTTTIMTITIITRTMIITTRIRRTMIIIRRMMMRIRIMTMITTTITIIRRMRRTRRMIMTTIIRRTMTTRIMITRTTTMTMRRTRITIMTIMMMRTMIITITIMMRTRRRRMR,7,37.5000,39,7.2500,2.6926,223,6.6658
151,ITRIIMIRITMMMITTTRTRMMRMRIRRIRTIRMIMMRTTTIMTITIITRTMIITTRIRRTMIIIRRMMMRIRIMTMITTTITIIRRMRRTRRMIMTTIIRRTMTTRIMITRTTTMTMRRTRITIMTIMMMRTMIITITIMMRTRRRRMRT,8,37.7500,39,8.6875,2.9475,224,6.8303
152,ITRIIMIRITMMMITTTRTRMMRMRIRRIRTIRMIMMRTTTIMTITIITRTMIITTRIRRTMIIIRRMMMRIRIMTMITTTITIIRRMRRTRRMIMTTIIRRTMTTRIMITRTTTMTMRRTRITIMTIMMMRTMIITITIMMRTRRRRMRTM,7,38.0000,39,6.5000,2.5495,225,6.9910
153,ITRIIMIRITMMMITTTRTRMMRMRIRRIRTIRMIMMRTTTIMTITIITRTMIITTRIRRTMIIIRRMMMRIRIMTMITTTITIIRRMRRTRRMIMTTIIRRTMTTRIMITRTTTMTMRRTRITIMTIMMMRTMIITITIMMRTRRRRMRTMT,8,38.2500,39,8.1875,2.8614,227,7.0643
154,ITRIIMIRITMMMITTTRTRMMRMRIRRIRTIRMIMMRTTTIMTITIITRTMIITTRIRRTMIIIRRMMMRIRIMTMITTTITIIRRMRRTRRMIMTTIIRRTMTTRIMITRTTTMTMRRTRITIMTIMMMRTMIITITIMMRTRRRRMRTMTM,7,38.5000,39,6.2500,2.5000,228,7.2500
155,ITRIIMIRITMMMITTTRTRMMRMRIRRIRTIRMIMMRTTTIMTITIITRTMIITTRIRRTMIIIRRMMMRIRIMTMITTTITIIRRMRRTRRMIMTTIIRRTMTTRIMITRTTTMTMRRTRITIMTIMMMRTMIITITIMMRTRRRRMRTMTMT,8,38.7500,39,8.1875,2.8614,230,7.3589
156,ITRIIMIRITMMMITTTRTRMMRMRIRRIRTIRMIMMRTTTIMTITIITRTMIITTRIRRTMIIIRRMMMRIRIMTMITTTITIIRRMRRTRRMIMTTIIRRTMTTRIMITRTTTMTMRRTRITIMTIMMMRTMIITITIMMRTRRRRMRTMTMTI,8,39.0000,39,8.0000,2.8284,231,7.4918
157,ITRIIMIRITMMMITTTRTRMMRMRIRRIRTIRMIMMRTTTIMTITIITRTMIITTRIRRTMIIIRRMMMRIRIMTMITTTITIIRRMRRTRRMIMTTIIRRTMTTRIMITRTTTMTMRRTRITIMTIMMMRTMIITITIMMRTRRRRMRTMTMTII,8,39.2500,40,8.1875,2.8614,233,7.5992
158,ITRIIMIRITMMMITTTRTRMMRMRIRRIRTIRMIMMRTTTIMTITIITRTMIITTRIRRTMIIIRRMMMRIRIMTMITTTITIIRRMRRTRRMIMTTIIRRTMTTRIMITRTTTMTMRRTRITIMTIMMMRTMIITITIMMRTRRRRMRTMTMTIII,8,39.5000,41,8.7500,2.9580,234,7.8791
159,ITRIIMIRITMMMITTTRTRMMRMRIRRIRTIRMIMMRTTTIMTITIITRTMIITTRIRRTMIIIRRMMMRIRIMTMITTTITIIRRMRRTRRMIMTTIIRRTMTTRIMITRTTTMTMRRTRITIMTIMMMRTMIITITIMMRTRRRRMRTMTMTIIIM,7,39.7500,41,6.6875,2.5860,235,7.8977
160,ITRIIMIRITMMMITTTRTRMMRMRIRRIRTIRMIMMRTTTIMTITIITRTMIITTRIRRTMIIIRRMMMRIRIMTMITTTITIIRRMRRTRRMIMTTIIRRTMTTRIMITRTTTMTMRRTRITIMTIMMMRTMIITITIMMRTRRRRMRTMTMTIIIMM,6,40.0000,41,5.0000,2.2361,237,8.0995
161,ITRIIMIRITMMMITTTRTRMMRMRIRRIRTIRMIMMRTTTIMTITIITRTMIITTRIRRTMIIIRRMMMRIRIMTMITTTITIIRRMRRTRRMIMTTIIRRTMTTRIMITRTTTMTMRRTRITIMTIMMMRTMIITITIMMRTRRRRMRTMTMTIIIMMM,5,40.2500,41,3.6875,1.9203,239,8.2339
162,ITRIIMIRITMMMITTTRTRMMRMRIRRIRTIRMIMMRTTTIMTITIITRTMIITTRIRRTMIIIRRMMMRIRIMTMITTTITIIRRMRRTRRMIMTTIIRRTMTTRIMITRTTTMTMRRTRITIMTIMMMRTMIITITIMMRTRRRRMRTMTMTIIIMMMI,5,40.5000,42,4.2500,2.0616,241,8.3942
163,ITRIIMIRITMMMITTTRTRMMRMRIRRIRTIRMIMMRTTTIMTITIITRTMIITTRIRRTMIIIRRMMMRIRIMTMITTTITIIRRMRRTRRMIMTTIIRRTMTTRIMITRTTTMTMRRTRITIMTIMMMRTMIITITIMMRTRRRRMRTMTMTIIIMMMIT,6,40.7500,42,5.6875,2.3848,242,8.5805
164,ITRIIMIRITMMMITTTRTRMMRMRIRRIRTIRMIMMRTTTIMTITIITRTMIITTRIRRTMIIIRRMMMRIRIMTMITTTITIIRRMRRTRRMIMTTIIRRTMTTRIMITRTTTMTMRRTRITIMTIMMMRTMIITITIMMRTRRRRMRTMTMTIIIMMMITI,6,41.0000,43,6.5000,2.5495,243,8.7473
165,ITRIIMIRITMMMITTTRTRMMRMRIRRIRTIRMIMMRTTTIMTITIITRTMIITTRIRRTMIIIRRMMMRIRIMTMITTTITIIRRMRRTRRMIMTTIIRRTMTTRIMITRTTTMTMRRTRITIMTIMMMRTMIITITIMMRTRRRRMRTMTMTIIIMMMITIR,6,41.2500,43,5.6875,2.3848,244,9.0853
166,ITRIIMIRITMMMITTTRTRMMRMRIRRIRTIRMIMMRTTTIMTITIITRTMIITTRIRRTMIIIRRMMMRIRIMTMITTTITIIRRMRRTRRMIMTTIIRRTMTTRIMITRTTTMTMRRTRITIMTIMMMRTMIITITIMMRTRRRRMRTMTMTIIIMMMITIRR,6,41.5000,43,5.2500,2.2913,246,9.1995
167,ITRIIMIRITMMMITTTRTRMMRMRIRRIRTIRMIMMRTTTIMTITIITRTMIITTRIRRTMIIIRRMMMRIRIMTMITTTITIIRRMRRTRRMIMTTIIRRTMTTRIMITRTTTMTMRRTRITIMTIMMMRTMIITITIMMRTRRRRMRTMTMTIIIMMMITIRRR,6,41.7500,43,5.1875,2.2776,248,9.4846
168,ITRIIMIRITMMMITTTRTRMMRMRIRRIRTIRMIMMRTTTIMTITIITRTMIITTRIRRTMIIIRRMMMRIRIMTMITTTITIIRRMRRTRRMIMTTIIRRTMTTRIMITRTTTMTMRRTRITIMTIMMMRTMIITITIMMRTRRRRMRTMTMTIIIMMMITIRRRR,6,42.0000,43,5.5000,2.3452,251,9.7061
169,ITRIIMIRITMMMITTTRTRMMRMRIRRIRTIRMIMMRTTTIMTITIITRTMIITTRIRRTMIIIRRMMMRIRIMTMITTTITIIRRMRRTRRMIMTTIIRRTMTTRIMITRTTTMTMRRTRITIMTIMMMRTMIITITIMMRTRRRRMRTMTMTIIIMMMITIRRRRM,5,42.2500,43,3.6875,1.9203,252,9.6742
170,ITRIIMIRITMMMITTTRTRMMRMRIRRIRTIRMIMMRTTTIMTITIITRTMIITTRIRRTMIIIRRMMMRIRIMTMITTTITIIRRMRRTRRMIMTTIIRRTMTTRIMITRTTTMTMRRTRITIMTIMMMRTMIITITIMMRTRRRRMRTMTMTIIIMMMITIRRRRMT,6,42.5000,43,4.7500,2.1794,254,9.8612
171,ITRIIMIRITMMMITTTRTRMMRMRIRRIRTIRMIMMRTTTIMTITIITRTMIITTRIRRTMIIIRRMMMRIRIMTMITTTITIIRRMRRTRRMIMTTIIRRTMTTRIMITRTTTMTMRRTRITIMTIMMMRTMIITITIMMRTRRRRMRTMTMTIIIMMMITIRRRRMTR,6,42.7500,44,5.1875,2.2776,255,9.9339
172,ITRIIMIRITMMMITTTRTRMMRMRIRRIRTIRMIMMRTTTIMTITIITRTMIITTRIRRTMIIIRRMMMRIRIMTMITTTITIIRRMRRTRRMIMTTIIRRTMTTRIMITRTTTMTMRRTRITIMTIMMMRTMIITITIMMRTRRRRMRTMTMTIIIMMMITIRRRRMTRT,7,43.0000,44,6.5000,2.5495,256,10.1662
173,ITRIIMIRITMMMITTTRTRMMRMRIRRIRTIRMIMMRTTTIMTITIITRTMIITTRIRRTMIIIRRMMMRIRIMTMITTTITIIRRMRRTRRMIMTTIIRRTMTTRIMITRTTTMTMRRTRITIMTIMMMRTMIITITIMMRTRRRRMRTMTMTIIIMMMITIRRRRMTRTT,8,43.2500,44,8.1875,2.8614,257,10.2753
174,ITRIIMIRITMMMITTTRTRMMRMRIRRIRTIRMIMMRTTTIMTITIITRTMIITTRIRRTMIIIRRMMMRIRIMTMITTTITIIRRMRRTRRMIMTTIIRRTMTTRIMITRTTTMTMRRTRITIMTIMMMRTMIITITIMMRTRRRRMRTMTMTIIIMMMITIRRRRMTRTTT,9,43.5000,44,10.2500,3.2016,258,10.4718
175,ITRIIMIRITMMMITTTRTRMMRMRIRRIRTIRMIMMRTTTIMTITIITRTMIITTRIRRTMIIIRRMMMRIRIMTMITTTITIIRRMRRTRRMIMTTIIRRTMTTRIMITRTTTMTMRRTRITIMTIMMMRTMIITITIMMRTRRRRMRTMTMTIIIMMMITIRRRRMTRTTTR,9,43.7500,45,10.6875,3.2692,259,10.5468
176,ITRIIMIRITMMMITTTRTRMMRMRIRRIRTIRMIMMRTTTIMTITIITRTMIITTRIRRTMIIIRRMMMRIRIMTMITTTITIIRRMRRTRRMIMTTIIRRTMTTRIMITRTTTMTMRRTRITIMTIMMMRTMIITITIMMRTRRRRMRTMTMTIIIMMMITIRRRRMTRTTTRI,9,44.0000,45,10.5000,3.2404,260,10.7260
177,ITRIIMIRITMMMITTTRTRMMRMRIRRIRTIRMIMMRTTTIMTITIITRTMIITTRIRRTMIIIRRMMMRIRIMTMITTTITIIRRMRRTRRMIMTTIIRRTMTTRIMITRTTTMTMRRTRITIMTIMMMRTMIITITIMMRTRRRRMRTMTMTIIIMMMITIRRRRMTRTTTRIM,8,44.2500,45,8.1875,2.8614,262,10.9027
178,ITRIIMIRITMMMITTTRTRMMRMRIRRIRTIRMIMMRTTTIMTITIITRTMIITTRIRRTMIIIRRMMMRIRIMTMITTTITIIRRMRRTRRMIMTTIIRRTMTTRIMITRTTTMTMRRTRITIMTIMMMRTMIITITIMMRTRRRRMRTMTMTIIIMMMITIRRRRMTRTTTRIMI,8,44.5000,45,8.2500,2.8723,264,11.1940
179,ITRIIMIRITMMMITTTRTRMMRMRIRRIRTIRMIMMRTTTIMTITIITRTMIITTRIRRTMIIIRRMMMRIRIMTMITTTITIIRRMRRTRRMIMTTIIRRTMTTRIMITRTTTMTMRRTRITIMTIMMMRTMIITITIMMRTRRRRMRTMTMTIIIMMMITIRRRRMTRTTTRIMII,8,44.7500,46,8.6875,2.9475,266,11.3094
180,ITRIIMIRITMMMITTTRTRMMRMRIRRIRTIRMIMMRTTTIMTITIITRTMIITTRIRRTMIIIRRMMMRIRIMTMITTTITIIRRMRRTRRMIMTTIIRRTMTTRIMITRTTTMTMRRTRITIMTIMMMRTMIITITIMMRTRRRRMRTMTMTIIIMMMITIRRRRMTRTTTRIMIIM,7,45.0000,46,6.5000,2.5495,267,11.5875
181,ITRIIMIRITMMMITTTRTRMMRMRIRRIRTIRMIMMRTTTIMTITIITRTMIITTRIRRTMIIIRRMMMRIRIMTMITTTITIIRRMRRTRRMIMTTIIRRTMTTRIMITRTTTMTMRRTRITIMTIMMMRTMIITITIMMRTRRRRMRTMTMTIIIMMMITIRRRRMTRTTTRIMIIMT,8,45.2500,46,8.1875,2.8614,269,11.8014
182,ITRIIMIRITMMMITTTRTRMMRMRIRRIRTIRMIMMRTTTIMTITIITRTMIITTRIRRTMIIIRRMMMRIRIMTMITTTITIIRRMRRTRRMIMTTIIRRTMTTRIMITRTTTMTMRRTRITIMTIMMMRTMIITITIMMRTRRRRMRTMTMTIIIMMMITIRRRRMTRTTTRIMIIMTM,7,45.5000,46,6.2500,2.5000,270,12.8944
183,ITRIIMIRITMMMITTTRTRMMRMRIRRIRTIRMIMMRTTTIMTITIITRTMIITTRIRRTMIIIRRMMMRIRIMTMITTTITIIRRMRRTRRMIMTTIIRRTMTTRIMITRTTTMTMRRTRITIMTIMMMRTMIITITIMMRTRRRRMRTMTMTIIIMMMITIRRRRMTRTTTRIMIIMTMM,6,45.7500,46,4.6875,2.1651,272,12.1589
184,ITRIIMIRITMMMITTTRTRMMRMRIRRIRTIRMIMMRTTTIMTITIITRTMIITTRIRRTMIIIRRMMMRIRIMTMITTTITIIRRMRRTRRMIMTTIIRRTMTTRIMITRTTTMTMRRTRITIMTIMMMRTMIITITIMMRTRRRRMRTMTMTIIIMMMITIRRRRMTRTTTRIMIIMTMMT,7,46.0000,46,6.5000,2.5495,274,12.4011
185,ITRIIMIRITMMMITTTRTRMMRMRIRRIRTIRMIMMRTTTIMTITIITRTMIITTRIRRTMIIIRRMMMRIRIMTMITTTITIIRRMRRTRRMIMTTIIRRTMTTRIMITRTTTMTMRRTRITIMTIMMMRTMIITITIMMRTRRRRMRTMTMTIIIMMMITIRRRRMTRTTTRIMIIMTMMTT,8,46.2500,46,8.6875,2.9475,275,12.6256
186,ITRIIMIRITMMMITTTRTRMMRMRIRRIRTIRMIMMRTTTIMTITIITRTMIITTRIRRTMIIIRRMMMRIRIMTMITTTITIIRRMRRTRRMIMTTIIRRTMTTRIMITRTTTMTMRRTRITIMTIMMMRTMIITITIMMRTRRRRMRTMTMTIIIMMMITIRRRRMTRTTTRIMIIMTMMTTT,9,46.5000,46,11.2500,3.3541,276,12.0178
187,ITRIIMIRITMMMITTTRTRMMRMRIRRIRTIRMIMMRTTTIMTITIITRTMIITTRIRRTMIIIRRMMMRIRIMTMITTTITIIRRMRRTRRMIMTTIIRRTMTTRIMITRTTTMTMRRTRITIMTIMMMRTMIITITIMMRTRRRRMRTMTMTIIIMMMITIRRRRMTRTTTRIMIIMTMMTTTI,9,46.7500,47,11.1875,3.3448,277,12.4865
188,ITRIIMIRITMMMITTTRTRMMRMRIRRIRTIRMIMMRTTTIMTITIITRTMIITTRIRRTMIIIRRMMMRIRIMTMITTTITIIRRMRRTRRMIMTTIIRRTMTTRIMITRTTTMTMRRTRITIMTIMMMRTMIITITIMMRTRRRRMRTMTMTIIIMMMITIRRRRMTRTTTRIMIIMTMMTTTII,9,47.0000,48,11.5000,3.3912,278,12.8289
189,ITRIIMIRITMMMITTTRTRMMRMRIRRIRTIRMIMMRTTTIMTITIITRTMIITTRIRRTMIIIRRMMMRIRIMTMITTTITIIRRMRRTRRMIMTTIIRRTMTTRIMITRTTTMTMRRTRITIMTIMMMRTMIITITIMMRTRRRRMRTMTMTIIIMMMITIRRRRMTRTTTRIMIIMTMMTTTIIT,10,47.2500,48,14.1875,3.7666,279,16.4241
190,ITRIIMIRITMMMITTTRTRMMRMRIRRIRTIRMIMMRTTTIMTITIITRTMIITTRIRRTMIIIRRMMMRIRIMTMITTTITIIRRMRRTRRMIMTTIIRRTMTTRIMITRTTTMTMRRTRITIMTIMMMRTMIITITIMMRTRRRRMRTMTMTIIIMMMITIRRRRMTRTTTRIMIIMTMMTTTIITR,10,47.5000,48,13.2500,3.6401,280,17.5053
191,ITRIIMIRITMMMITTTRTRMMRMRIRRIRTIRMIMMRTTTIMTITIITRTMIITTRIRRTMIIIRRMMMRIRIMTMITTTITIIRRMRRTRRMIMTTIIRRTMTTRIMITRTTTMTMRRTRITIMTIMMMRTMIITITIMMRTRRRRMRTMTMTIIIMMMITIRRRRMTRTTTRIMIIMTMMTTTIITRR,10,47.7500,48,12.6875,3.5620,282,19.1395
192,ITRIIMIRITMMMITTTRTRMMRMRIRRIRTIRMIMMRTTTIMTITIITRTMIITTRIRRTMIIIRRMMMRIRIMTMITTTITIIRRMRRTRRMIMTTIIRRTMTTRIMITRTTTMTMRRTRITIMTIMMMRTMIITITIMMRTRRRRMRTMTMTIIIMMMITIRRRRMTRTTTRIMIIMTMMTTTIITRRT,11,48.0000,48,15.5000,3.9370,284,15.8796
193,ITRIIMIRITMMMITTTRTRMMRMRIRRIRTIRMIMMRTTTIMTITIITRTMIITTRIRRTMIIIRRMMMRIRIMTMITTTITIIRRMRRTRRMIMTTIIRRTMTTRIMITRTTTMTMRRTRITIMTIMMMRTMIITITIMMRTRRRRMRTMTMTIIIMMMITIRRRRMTRTTTRIMIIMTMMTTTIITRRTI,11,48.2500,49,15.6875,3.9607,285,14.1535
194,ITRIIMIRITMMMITTTRTRMMRMRIRRIRTIRMIMMRTTTIMTITIITRTMIITTRIRRTMIIIRRMMMRIRIMTMITTTITIIRRMRRTRRMIMTTIIRRTMTTRIMITRTTTMTMRRTRITIMTIMMMRTMIITITIMMRTRRRRMRTMTMTIIIMMMITIRRRRMTRTTTRIMIIMTMMTTTIITRRTIM,10,48.5000,49,13.2500,3.6401,286,14.6058
195,ITRIIMIRITMMMITTTRTRMMRMRIRRIRTIRMIMMRTTTIMTITIITRTMIITTRIRRTMIIIRRMMMRIRIMTMITTTITIIRRMRRTRRMIMTTIIRRTMTTRIMITRTTTMTMRRTRITIMTIMMMRTMIITITIMMRTRRRRMRTMTMTIIIMMMITIRRRRMTRTTTRIMIIMTMMTTTIITRRTIMM,9,48.7500,49,11.1875,3.3448,288,14.6852
196,ITRIIMIRITMMMITTTRTRMMRMRIRRIRTIRMIMMRTTTIMTITIITRTMIITTRIRRTMIIIRRMMMRIRIMTMITTTITIIRRMRRTRRMIMTTIIRRTMTTRIMITRTTTMTMRRTRITIMTIMMMRTMIITITIMMRTRRRRMRTMTMTIIIMMMITIRRRRMTRTTTRIMIIMTMMTTTIITRRTIMMR,9,49.0000,49,10.5000,3.2404,290,14.6182
197,ITRIIMIRITMMMITTTRTRMMRMRIRRIRTIRMIMMRTTTIMTITIITRTMIITTRIRRTMIIIRRMMMRIRIMTMITTTITIIRRMRRTRRMIMTTIIRRTMTTRIMITRTTTMTMRRTRITIMTIMMMRTMIITITIMMRTRRRRMRTMTMTIIIMMMITIRRRRMTRTTTRIMIIMTMMTTTIITRRTIMMRI,9,49.2500,50,10.6875,3.2692,292,14.3447
198,ITRIIMIRITMMMITTTRTRMMRMRIRRIRTIRMIMMRTTTIMTITIITRTMIITTRIRRTMIIIRRMMMRIRIMTMITTTITIIRRMRRTRRMIMTTIIRRTMTTRIMITRTTTMTMRRTRITIMTIMMMRTMIITITIMMRTRRRRMRTMTMTIIIMMMITIRRRRMTRTTTRIMIIMTMMTTTIITRRTIMMRIM,8,49.5000,50,8.7500,2.9580,293,14.4574
199,ITRIIMIRITMMMITTTRTRMMRMRIRRIRTIRMIMMRTTTIMTITIITRTMIITTRIRRTMIIIRRMMMRIRIMTMITTTITIIRRMRRTRRMIMTTIIRRTMTTRIMITRTTTMTMRRTRITIMTIMMMRTMIITITIMMRTRRRRMRTMTMTIIIMMMITIRRRRMTRTTTRIMIIMTMMTTTIITRRTIMMRIMI,8,49.7500,51,9.1875,3.0311,295,14.0312
200,ITRIIMIRITMMMITTTRTRMMRMRIRRIRTIRMIMMRTTTIMTITIITRTMIITTRIRRTMIIIRRMMMRIRIMTMITTTITIIRRMRRTRRMIMTTIIRRTMTTRIMITRTTTMTMRRTRITIMTIMMMRTMIITITIMMRTRRRRMRTMTMTIIIMMMITIRRRRMTRTTTRIMIIMTMMTTTIITRRTIMMRIMIR,8,50.0000,51,8.5000,2.9155,296,15.0735
201,ITRIIMIRITMMMITTTRTRMMRMRIRRIRTIRMIMMRTTTIMTITIITRTMIITTRIRRTMIIIRRMMMRIRIMTMITTTITIIRRMRRTRRMIMTTIIRRTMTTRIMITRTTTMTMRRTRITIMTIMMMRTMIITITIMMRTRRRRMRTMTMTIIIMMMITIRRRRMTRTTTRIMIIMTMMTTTIITRRTIMMRIMIRM,7,50.2500,51,6.6875,2.5860,298,15.5691
202,ITRIIMIRITMMMITTTRTRMMRMRIRRIRTIRMIMMRTTTIMTITIITRTMIITTRIRRTMIIIRRMMMRIRIMTMITTTITIIRRMRRTRRMIMTTIIRRTMTTRIMITRTTTMTMRRTRITIMTIMMMRTMIITITIMMRTRRRRMRTMTMTIIIMMMITIRRRRMTRTTTRIMIIMTMMTTTIITRRTIMMRIMIRMM,6,50.5000,51,5.2500,2.2913,300,15.6602
203,ITRIIMIRITMMMITTTRTRMMRMRIRRIRTIRMIMMRTTTIMTITIITRTMIITTRIRRTMIIIRRMMMRIRIMTMITTTITIIRRMRRTRRMIMTTIIRRTMTTRIMITRTTTMTMRRTRITIMTIMMMRTMIITITIMMRTRRRRMRTMTMTIIIMMMITIRRRRMTRTTTRIMIIMTMMTTTIITRRTIMMRIMIRMMM,5,50.7500,51,4.1875,2.0463,302,16.3247
204,ITRIIMIRITMMMITTTRTRMMRMRIRRIRTIRMIMMRTTTIMTITIITRTMIITTRIRRTMIIIRRMMMRIRIMTMITTTITIIRRMRRTRRMIMTTIIRRTMTTRIMITRTTTMTMRRTRITIMTIMMMRTMIITITIMMRTRRRRMRTMTMTIIIMMMITIRRRRMTRTTTRIMIIMTMMTTTIITRRTIMMRIMIRMMMI,5,51.0000,52,4.5000,2.1213,304,20.0088
205,ITRIIMIRITMMMITTTRTRMMRMRIRRIRTIRMIMMRTTTIMTITIITRTMIITTRIRRTMIIIRRMMMRIRIMTMITTTITIIRRMRRTRRMIMTTIIRRTMTTRIMITRTTTMTMRRTRITIMTIMMMRTMIITITIMMRTRRRRMRTMTMTIIIMMMITIRRRRMTRTTTRIMIIMTMMTTTIITRRTIMMRIMIRMMMII,5,51.2500,53,5.1875,2.2776,305,29.9320
206,ITRIIMIRITMMMITTTRTRMMRMRIRRIRTIRMIMMRTTTIMTITIITRTMIITTRIRRTMIIIRRMMMRIRIMTMITTTITIIRRMRRTRRMIMTTIIRRTMTTRIMITRTTTMTMRRTRITIMTIMMMRTMIITITIMMRTRRRRMRTMTMTIIIMMMITIRRRRMTRTTTRIMIIMTMMTTTIITRRTIMMRIMIRMMMIIR,5,51.5000,53,4.2500,2.0616,306,17.3046
207,ITRIIMIRITMMMITTTRTRMMRMRIRRIRTIRMIMMRTTTIMTITIITRTMIITTRIRRTMIIIRRMMMRIRIMTMITTTITIIRRMRRTRRMIMTTIIRRTMTTRIMITRTTTMTMRRTRITIMTIMMMRTMIITITIMMRTRRRRMRTMTMTIIIMMMITIRRRRMTRTTTRIMIIMTMMTTTIITRRTIMMRIMIRMMMIIRM,4,51.7500,53,3.1875,1.7854,308,17.5684
208,ITRIIMIRITMMMITTTRTRMMRMRIRRIRTIRMIMMRTTTIMTITIITRTMIITTRIRRTMIIIRRMMMRIRIMTMITTTITIIRRMRRTRRMIMTTIIRRTMTTRIMITRTTTMTMRRTRITIMTIMMMRTMIITITIMMRTRRRRMRTMTMTIIIMMMITIRRRRMTRTTTRIMIIMTMMTTTIITRRTIMMRIMIRMMMIIRMM,4,52.0000,53,2.5000,1.5811,310,17.9441
209,ITRIIMIRITMMMITTTRTRMMRMRIRRIRTIRMIMMRTTTIMTITIITRTMIITTRIRRTMIIIRRMMMRIRIMTMITTTITIIRRMRRTRRMIMTTIIRRTMTTRIMITRTTTMTMRRTRITIMTIMMMRTMIITITIMMRTRRRRMRTMTMTIIIMMMITIRRRRMTRTTTRIMIIMTMMTTTIITRRTIMMRIMIRMMMIIRMMR,3,52.2500,53,1.6875,1.2990,312,18.2288
210,ITRIIMIRITMMMITTTRTRMMRMRIRRIRTIRMIMMRTTTIMTITIITRTMIITTRIRRTMIIIRRMMMRIRIMTMITTTITIIRRMRRTRRMIMTTIIRRTMTTRIMITRTTTMTMRRTRITIMTIMMMRTMIITITIMMRTRRRRMRTMTMTIIIMMMITIRRRRMTRTTTRIMIIMTMMTTTIITRRTIMMRIMIRMMMIIRMMRT,4,52.5000,53,2.7500,1.6583,314,26.9613
211,ITRIIMIRITMMMITTTRTRMMRMRIRRIRTIRMIMMRTTTIMTITIITRTMIITTRIRRTMIIIRRMMMRIRIMTMITTTITIIRRMRRTRRMIMTTIIRRTMTTRIMITRTTTMTMRRTRITIMTIMMMRTMIITITIMMRTRRRRMRTMTMTIIIMMMITIRRRRMTRTTTRIMIIMTMMTTTIITRRTIMMRIMIRMMMIIRMMRTI,4,52.7500,54,3.1875,1.7854,315,20.1666
212,ITRIIMIRITMMMITTTRTRMMRMRIRRIRTIRMIMMRTTTIMTITIITRTMIITTRIRRTMIIIRRMMMRIRIMTMITTTITIIRRMRRTRRMIMTTIIRRTMTTRIMITRTTTMTMRRTRITIMTIMMMRTMIITITIMMRTRRRRMRTMTMTIIIMMMITIRRRRMTRTTTRIMIIMTMMTTTIITRRTIMMRIMIRMMMIIRMMRTIT,5,53.0000,54,4.5000,2.1213,316,17.7561
213,ITRIIMIRITMMMITTTRTRMMRMRIRRIRTIRMIMMRTTTIMTITIITRTMIITTRIRRTMIIIRRMMMRIRIMTMITTTITIIRRMRRTRRMIMTTIIRRTMTTRIMITRTTTMTMRRTRITIMTIMMMRTMIITITIMMRTRRRRMRTMTMTIIIMMMITIRRRRMTRTTTRIMIIMTMMTTTIITRRTIMMRIMIRMMMIIRMMRTITI,5,53.2500,55,5.1875,2.2776,317,18.2901
214,ITRIIMIRITMMMITTTRTRMMRMRIRRIRTIRMIMMRTTTIMTITIITRTMIITTRIRRTMIIIRRMMMRIRIMTMITTTITIIRRMRRTRRMIMTTIIRRTMTTRIMITRTTTMTMRRTRITIMTIMMMRTMIITITIMMRTRRRRMRTMTMTIIIMMMITIRRRRMTRTTTRIMIIMTMMTTTIITRRTIMMRIMIRMMMIIRMMRTITII,5,53.5000,56,6.2500,2.5000,318,18.9417
215,ITRIIMIRITMMMITTTRTRMMRMRIRRIRTIRMIMMRTTTIMTITIITRTMIITTRIRRTMIIIRRMMMRIRIMTMITTTITIIRRMRRTRRMIMTTIIRRTMTTRIMITRTTTMTMRRTRITIMTIMMMRTMIITITIMMRTRRRRMRTMTMTIIIMMMITIRRRRMTRTTTRIMIIMTMMTTTIITRRTIMMRIMIRMMMIIRMMRTITIII,6,53.7500,56,7.6875,2.7726,319,19.4597
216,ITRIIMIRITMMMITTTRTRMMRMRIRRIRTIRMIMMRTTTIMTITIITRTMIITTRIRRTMIIIRRMMMRIRIMTMITTTITIIRRMRRTRRMIMTTIIRRTMTTRIMITRTTTMTMRRTRITIMTIMMMRTMIITITIMMRTRRRRMRTMTMTIIIMMMITIRRRRMTRTTTRIMIIMTMMTTTIITRRTIMMRIMIRMMMIIRMMRTITIIIM,6,54.0000,56,6.5000,2.5495,320,19.7571
217,ITRIIMIRITMMMITTTRTRMMRMRIRRIRTIRMIMMRTTTIMTITIITRTMIITTRIRRTMIIIRRMMMRIRIMTMITTTITIIRRMRRTRRMIMTTIIRRTMTTRIMITRTTTMTMRRTRITIMTIMMMRTMIITITIMMRTRRRRMRTMTMTIIIMMMITIRRRRMTRTTTRIMIIMTMMTTTIITRRTIMMRIMIRMMMIIRMMRTITIIIMR,5,54.2500,56,5.1875,2.2776,322,19.8999
218,ITRIIMIRITMMMITTTRTRMMRMRIRRIRTIRMIMMRTTTIMTITIITRTMIITTRIRRTMIIIRRMMMRIRIMTMITTTITIIRRMRRTRRMIMTTIIRRTMTTRIMITRTTTMTMRRTRITIMTIMMMRTMIITITIMMRTRRRRMRTMTMTIIIMMMITIRRRRMTRTTTRIMIIMTMMTTTIITRRTIMMRIMIRMMMIIRMMRTITIIIMRI,6,54.5000,56,6.7500,2.5981,324,19.7208
219,ITRIIMIRITMMMITTTRTRMMRMRIRRIRTIRMIMMRTTTIMTITIITRTMIITTRIRRTMIIIRRMMMRIRIMTMITTTITIIRRMRRTRRMIMTTIIRRTMTTRIMITRTTTMTMRRTRITIMTIMMMRTMIITITIMMRTRRRRMRTMTMTIIIMMMITIRRRRMTRTTTRIMIIMTMMTTTIITRRTIMMRIMIRMMMIIRMMRTITIIIMRIM,6,54.7500,56,5.6875,2.3848,325,19.6243
220,ITRIIMIRITMMMITTTRTRMMRMRIRRIRTIRMIMMRTTTIMTITIITRTMIITTRIRRTMIIIRRMMMRIRIMTMITTTITIIRRMRRTRRMIMTTIIRRTMTTRIMITRTTTMTMRRTRITIMTIMMMRTMIITITIMMRTRRRRMRTMTMTIIIMMMITIRRRRMTRTTTRIMIIMTMMTTTIITRRTIMMRIMIRMMMIIRMMRTITIIIMRIMR,5,55.0000,56,4.5000,2.1213,327,20.6890
221,ITRIIMIRITMMMITTTRTRMMRMRIRRIRTIRMIMMRTTTIMTITIITRTMIITTRIRRTMIIIRRMMMRIRIMTMITTTITIIRRMRRTRRMIMTTIIRRTMTTRIMITRTTTMTMRRTRITIMTIMMMRTMIITITIMMRTRRRRMRTMTMTIIIMMMITIRRRRMTRTTTRIMIIMTMMTTTIITRRTIMMRIMIRMMMIIRMMRTITIIIMRIMRT,5,55.2500,57,5.1875,2.2776,329,20.8557
222,ITRIIMIRITMMMITTTRTRMMRMRIRRIRTIRMIMMRTTTIMTITIITRTMIITTRIRRTMIIIRRMMMRIRIMTMITTTITIIRRMRRTRRMIMTTIIRRTMTTRIMITRTTTMTMRRTRITIMTIMMMRTMIITITIMMRTRRRRMRTMTMTIIIMMMITIRRRRMTRTTTRIMIIMTMMTTTIITRRTIMMRIMIRMMMIIRMMRTITIIIMRIMRTM,5,55.5000,57,4.2500,2.0616,330,20.9474
223,ITRIIMIRITMMMITTTRTRMMRMRIRRIRTIRMIMMRTTTIMTITIITRTMIITTRIRRTMIIIRRMMMRIRIMTMITTTITIIRRMRRTRRMIMTTIIRRTMTTRIMITRTTTMTMRRTRITIMTIMMMRTMIITITIMMRTRRRRMRTMTMTIIIMMMITIRRRRMTRTTTRIMIIMTMMTTTIITRRTIMMRIMIRMMMIIRMMRTITIIIMRIMRTMR,4,55.7500,57,3.1875,1.7854,332,30.4713
224,ITRIIMIRITMMMITTTRTRMMRMRIRRIRTIRMIMMRTTTIMTITIITRTMIITTRIRRTMIIIRRMMMRIRIMTMITTTITIIRRMRRTRRMIMTTIIRRTMTTRIMITRTTTMTMRRTRITIMTIMMMRTMIITITIMMRTRRRRMRTMTMTIIIMMMITIRRRRMTRTTTRIMIIMTMMTTTIITRRTIMMRIMIRMMMIIRMMRTITIIIMRIMRTMRI,5,56.0000,57,4.5000,2.1213,334,20.8493
225,ITRIIMIRITMMMITTTRTRMMRMRIRRIRTIRMIMMRTTTIMTITIITRTMIITTRIRRTMIIIRRMMMRIRIMTMITTTITIIRRMRRTRRMIMTTIIRRTMTTRIMITRTTTMTMRRTRITIMTIMMMRTMIITITIMMRTRRRRMRTMTMTIIIMMMITIRRRRMTRTTTRIMIIMTMMTTTIITRRTIMMRIMIRMMMIIRMMRTITIIIMRIMRTMRIR,5,56.2500,57,3.6875,1.9203,335,22.7793
226,ITRIIMIRITMMMITTTRTRMMRMRIRRIRTIRMIMMRTTTIMTITIITRTMIITTRIRRTMIIIRRMMMRIRIMTMITTTITIIRRMRRTRRMIMTTIIRRTMTTRIMITRTTTMTMRRTRITIMTIMMMRTMIITITIMMRTRRRRMRTMTMTIIIMMMITIRRRRMTRTTTRIMIIMTMMTTTIITRRTIMMRIMIRMMMIIRMMRTITIIIMRIMRTMRIRI,6,56.5000,57,5.2500,2.2913,337,21.4394
227,ITRIIMIRITMMMITTTRTRMMRMRIRRIRTIRMIMMRTTTIMTITIITRTMIITTRIRRTMIIIRRMMMRIRIMTMITTTITIIRRMRRTRRMIMTTIIRRTMTTRIMITRTTTMTMRRTRITIMTIMMMRTMIITITIMMRTRRRRMRTMTMTIIIMMMITIRRRRMTRTTTRIMIIMTMMTTTIITRRTIMMRIMIRMMMIIRMMRTITIIIMRIMRTMRIRIM,5,56.7500,57,4.1875,2.0463,338,22.2489
228,ITRIIMIRITMMMITTTRTRMMRMRIRRIRTIRMIMMRTTTIMTITIITRTMIITTRIRRTMIIIRRMMMRIRIMTMITTTITIIRRMRRTRRMIMTTIIRRTMTTRIMITRTTTMTMRRTRITIMTIMMMRTMIITITIMMRTRRRRMRTMTMTIIIMMMITIRRRRMTRTTTRIMIIMTMMTTTIITRRTIMMRIMIRMMMIIRMMRTITIIIMRIMRTMRIRIMR,5,57.0000,57,3.5000,1.8708,340,22.9734
229,ITRIIMIRITMMMITTTRTRMMRMRIRRIRTIRMIMMRTTTIMTITIITRTMIITTRIRRTMIIIRRMMMRIRIMTMITTTITIIRRMRRTRRMIMTTIIRRTMTTRIMITRTTTMTMRRTRITIMTIMMMRTMIITITIMMRTRRRRMRTMTMTIIIMMMITIRRRRMTRTTTRIMIIMTMMTTTIITRRTIMMRIMIRMMMIIRMMRTITIIIMRIMRTMRIRIMRT,5,57.2500,58,3.6875,1.9203,342,23.2442
230,ITRIIMIRITMMMITTTRTRMMRMRIRRIRTIRMIMMRTTTIMTITIITRTMIITTRIRRTMIIIRRMMMRIRIMTMITTTITIIRRMRRTRRMIMTTIIRRTMTTRIMITRTTTMTMRRTRITIMTIMMMRTMIITITIMMRTRRRRMRTMTMTIIIMMMITIRRRRMTRTTTRIMIIMTMMTTTIITRRTIMMRIMIRMMMIIRMMRTITIIIMRIMRTMRIRIMRTT,5,57.5000,59,4.2500,2.0616,343,23.6639
231,ITRIIMIRITMMMITTTRTRMMRMRIRRIRTIRMIMMRTTTIMTITIITRTMIITTRIRRTMIIIRRMMMRIRIMTMITTTITIIRRMRRTRRMIMTTIIRRTMTTRIMITRTTTMTMRRTRITIMTIMMMRTMIITITIMMRTRRRRMRTMTMTIIIMMMITIRRRRMTRTTTRIMIIMTMMTTTIITRRTIMMRIMIRMMMIIRMMRTITIIIMRIMRTMRIRIMRTTM,4,57.7500,59,3.1875,1.7854,344,24.0463
232,ITRIIMIRITMMMITTTRTRMMRMRIRRIRTIRMIMMRTTTIMTITIITRTMIITTRIRRTMIIIRRMMMRIRIMTMITTTITIIRRMRRTRRMIMTTIIRRTMTTRIMITRTTTMTMRRTRITIMTIMMMRTMIITITIMMRTRRRRMRTMTMTIIIMMMITIRRRRMTRTTTRIMIIMTMMTTTIITRRTIMMRIMIRMMMIIRMMRTITIIIMRIMRTMRIRIMRTTMR,4,58.0000,59,2.5000,1.5811,346,24.2830
233,ITRIIMIRITMMMITTTRTRMMRMRIRRIRTIRMIMMRTTTIMTITIITRTMIITTRIRRTMIIIRRMMMRIRIMTMITTTITIIRRMRRTRRMIMTTIIRRTMTTRIMITRTTTMTMRRTRITIMTIMMMRTMIITITIMMRTRRRRMRTMTMTIIIMMMITIRRRRMTRTTTRIMIIMTMMTTTIITRRTIMMRIMIRMMMIIRMMRTITIIIMRIMRTMRIRIMRTTMRM,3,58.2500,59,1.6875,1.2990,348,24.8007
234,ITRIIMIRITMMMITTTRTRMMRMRIRRIRTIRMIMMRTTTIMTITIITRTMIITTRIRRTMIIIRRMMMRIRIMTMITTTITIIRRMRRTRRMIMTTIIRRTMTTRIMITRTTTMTMRRTRITIMTIMMMRTMIITITIMMRTRRRRMRTMTMTIIIMMMITIRRRRMTRTTTRIMIIMTMMTTTIITRRTIMMRIMIRMMMIIRMMRTITIIIMRIMRTMRIRIMRTTMRMM,3,58.5000,59,1.2500,1.1180,350,25.1848
235,ITRIIMIRITMMMITTTRTRMMRMRIRRIRTIRMIMMRTTTIMTITIITRTMIITTRIRRTMIIIRRMMMRIRIMTMITTTITIIRRMRRTRRMIMTTIIRRTMTTRIMITRTTTMTMRRTRITIMTIMMMRTMIITITIMMRTRRRRMRTMTMTIIIMMMITIRRRRMTRTTTRIMIIMTMMTTTIITRRTIMMRIMIRMMMIIRMMRTITIIIMRIMRTMRIRIMRTTMRMMI,4,58.7500,59,2.1875,1.4790,352,24.7911
236,ITRIIMIRITMMMITTTRTRMMRMRIRRIRTIRMIMMRTTTIMTITIITRTMIITTRIRRTMIIIRRMMMRIRIMTMITTTITIIRRMRRTRRMIMTTIIRRTMTTRIMITRTTTMTMRRTRITIMTIMMMRTMIITITIMMRTRRRRMRTMTMTIIIMMMITIRRRRMTRTTTRIMIIMTMMTTTIITRRTIMMRIMIRMMMIIRMMRTITIIIMRIMRTMRIRIMRTTMRMMIM,4,59.0000,59,2.0000,1.4142,354,24.9290
237,ITRIIMIRITMMMITTTRTRMMRMRIRRIRTIRMIMMRTTTIMTITIITRTMIITTRIRRTMIIIRRMMMRIRIMTMITTTITIIRRMRRTRRMIMTTIIRRTMTTRIMITRTTTMTMRRTRITIMTIMMMRTMIITITIMMRTRRRRMRTMTMTIIIMMMITIRRRRMTRTTTRIMIIMTMMTTTIITRRTIMMRIMIRMMMIIRMMRTITIIIMRIMRTMRIRIMRTTMRMMIMM,4,59.2500,60,2.1875,1.4790,355,26.1493
238,ITRIIMIRITMMMITTTRTRMMRMRIRRIRTIRMIMMRTTTIMTITIITRTMIITTRIRRTMIIIRRMMMRIRIMTMITTTITIIRRMRRTRRMIMTTIIRRTMTTRIMITRTTTMTMRRTRITIMTIMMMRTMIITITIMMRTRRRRMRTMTMTIIIMMMITIRRRRMTRTTTRIMIIMTMMTTTIITRRTIMMRIMIRMMMIIRMMRTITIIIMRIMRTMRIRIMRTTMRMMIMMI,5,59.5000,60,3.2500,1.8028,356,27.6863
239,ITRIIMIRITMMMITTTRTRMMRMRIRRIRTIRMIMMRTTTIMTITIITRTMIITTRIRRTMIIIRRMMMRIRIMTMITTTITIIRRMRRTRRMIMTTIIRRTMTTRIMITRTTTMTMRRTRITIMTIMMMRTMIITITIMMRTRRRRMRTMTMTIIIMMMITIRRRRMTRTTTRIMIIMTMMTTTIITRRTIMMRIMIRMMMIIRMMRTITIIIMRIMRTMRIRIMRTTMRMMIMMIM,5,59.7500,61,3.6875,1.9203,357,26.4474
240,ITRIIMIRITMMMITTTRTRMMRMRIRRIRTIRMIMMRTTTIMTITIITRTMIITTRIRRTMIIIRRMMMRIRIMTMITTTITIIRRMRRTRRMIMTTIIRRTMTTRIMITRTTTMTMRRTRITIMTIMMMRTMIITITIMMRTRRRRMRTMTMTIIIMMMITIRRRRMTRTTTRIMIIMTMMTTTIITRRTIMMRIMIRMMMIIRMMRTITIIIMRIMRTMRIRIMRTTMRMMIMMIMR,4,60.0000,61,2.5000,1.5811,358,26.6508
241,ITRIIMIRITMMMITTTRTRMMRMRIRRIRTIRMIMMRTTTIMTITIITRTMIITTRIRRTMIIIRRMMMRIRIMTMITTTITIIRRMRRTRRMIMTTIIRRTMTTRIMITRTTTMTMRRTRITIMTIMMMRTMIITITIMMRTRRRRMRTMTMTIIIMMMITIRRRRMTRTTTRIMIIMTMMTTTIITRRTIMMRIMIRMMMIIRMMRTITIIIMRIMRTMRIRIMRTTMRMMIMMIMRI,5,60.2500,61,3.6875,1.9203,360,26.8248
242,ITRIIMIRITMMMITTTRTRMMRMRIRRIRTIRMIMMRTTTIMTITIITRTMIITTRIRRTMIIIRRMMMRIRIMTMITTTITIIRRMRRTRRMIMTTIIRRTMTTRIMITRTTTMTMRRTRITIMTIMMMRTMIITITIMMRTRRRRMRTMTMTIIIMMMITIRRRRMTRTTTRIMIIMTMMTTTIITRRTIMMRIMIRMMMIIRMMRTITIIIMRIMRTMRIRIMRTTMRMMIMMIMRIM,5,60.5000,62,4.2500,2.0616,361,27.1051
243,ITRIIMIRITMMMITTTRTRMMRMRIRRIRTIRMIMMRTTTIMTITIITRTMIITTRIRRTMIIIRRMMMRIRIMTMITTTITIIRRMRRTRRMIMTTIIRRTMTTRIMITRTTTMTMRRTRITIMTIMMMRTMIITITIMMRTRRRRMRTMTMTIIIMMMITIRRRRMTRTTTRIMIIMTMMTTTIITRRTIMMRIMIRMMMIIRMMRTITIIIMRIMRTMRIRIMRTTMRMMIMMIMRIMI,6,60.7500,62,5.6875,2.3848,362,27.3621
244,ITRIIMIRITMMMITTTRTRMMRMRIRRIRTIRMIMMRTTTIMTITIITRTMIITTRIRRTMIIIRRMMMRIRIMTMITTTITIIRRMRRTRRMIMTTIIRRTMTTRIMITRTTTMTMRRTRITIMTIMMMRTMIITITIMMRTRRRRMRTMTMTIIIMMMITIRRRRMTRTTTRIMIIMTMMTTTIITRRTIMMRIMIRMMMIIRMMRTITIIIMRIMRTMRIRIMRTTMRMMIMMIMRIMIT,6,61.0000,62,5.0000,2.2361,363,27.8566
245,ITRIIMIRITMMMITTTRTRMMRMRIRRIRTIRMIMMRTTTIMTITIITRTMIITTRIRRTMIIIRRMMMRIRIMTMITTTITIIRRMRRTRRMIMTTIIRRTMTTRIMITRTTTMTMRRTRITIMTIMMMRTMIITITIMMRTRRRRMRTMTMTIIIMMMITIRRRRMTRTTTRIMIIMTMMTTTIITRRTIMMRIMIRMMMIIRMMRTITIIIMRIMRTMRIRIMRTTMRMMIMMIMRIMITT,6,61.2500,62,4.6875,2.1651,365,27.8031
246,ITRIIMIRITMMMITTTRTRMMRMRIRRIRTIRMIMMRTTTIMTITIITRTMIITTRIRRTMIIIRRMMMRIRIMTMITTTITIIRRMRRTRRMIMTTIIRRTMTTRIMITRTTTMTMRRTRITIMTIMMMRTMIITITIMMRTRRRRMRTMTMTIIIMMMITIRRRRMTRTTTRIMIIMTMMTTTIITRRTIMMRIMIRMMMIIRMMRTITIIIMRIMRTMRIRIMRTTMRMMIMMIMRIMITTT,6,61.5000,62,4.7500,2.1794,367,27.4666
247,ITRIIMIRITMMMITTTRTRMMRMRIRRIRTIRMIMMRTTTIMTITIITRTMIITTRIRRTMIIIRRMMMRIRIMTMITTTITIIRRMRRTRRMIMTTIIRRTMTTRIMITRTTTMTMRRTRITIMTIMMMRTMIITITIMMRTRRRRMRTMTMTIIIMMMITIRRRRMTRTTTRIMIIMTMMTTTIITRRTIMMRIMIRMMMIIRMMRTITIIIMRIMRTMRIRIMRTTMRMMIMMIMRIMITTTI,7,61.7500,62,6.1875,2.4875,369,28.5130
248,ITRIIMIRITMMMITTTRTRMMRMRIRRIRTIRMIMMRTTTIMTITIITRTMIITTRIRRTMIIIRRMMMRIRIMTMITTTITIIRRMRRTRRMIMTTIIRRTMTTRIMITRTTTMTMRRTRITIMTIMMMRTMIITITIMMRTRRRRMRTMTMTIIIMMMITIRRRRMTRTTTRIMIIMTMMTTTIITRRTIMMRIMIRMMMIIRMMRTITIIIMRIMRTMRIRIMRTTMRMMIMMIMRIMITTTIR,6,62.0000,62,4.5000,2.1213,370,42.9386
249,ITRIIMIRITMMMITTTRTRMMRMRIRRIRTIRMIMMRTTTIMTITIITRTMIITTRIRRTMIIIRRMMMRIRIMTMITTTITIIRRMRRTRRMIMTTIIRRTMTTRIMITRTTTMTMRRTRITIMTIMMMRTMIITITIMMRTRRRRMRTMTMTIIIMMMITIRRRRMTRTTTRIMIIMTMMTTTIITRRTIMMRIMIRMMMIIRMMRTITIIIMRIMRTMRIRIMRTTMRMMIMMIMRIMITTTIRI,7,62.2500,62,6.1875,2.4875,372,36.5394
250,ITRIIMIRITMMMITTTRTRMMRMRIRRIRTIRMIMMRTTTIMTITIITRTMIITTRIRRTMIIIRRMMMRIRIMTMITTTITIIRRMRRTRRMIMTTIIRRTMTTRIMITRTTTMTMRRTRITIMTIMMMRTMIITITIMMRTRRRRMRTMTMTIIIMMMITIRRRRMTRTTTRIMIIMTMMTTTIITRRTIMMRIMIRMMMIIRMMRTITIIIMRIMRTMRIRIMRTTMRMMIMMIMRIMITTTIRIR,6,62.5000,62,4.7500,2.1794,373,29.6332
251,ITRIIMIRITMMMITTTRTRMMRMRIRRIRTIRMIMMRTTTIMTITIITRTMIITTRIRRTMIIIRRMMMRIRIMTMITTTITIIRRMRRTRRMIMTTIIRRTMTTRIMITRTTTMTMRRTRITIMTIMMMRTMIITITIMMRTRRRRMRTMTMTIIIMMMITIRRRRMTRTTTRIMIIMTMMTTTIITRRTIMMRIMIRMMMIIRMMRTITIIIMRIMRTMRIRIMRTTMRMMIMMIMRIMITTTIRIRM,6,62.7500,63,4.6875,2.1651,375,29.5897
252,ITRIIMIRITMMMITTTRTRMMRMRIRRIRTIRMIMMRTTTIMTITIITRTMIITTRIRRTMIIIRRMMMRIRIMTMITTTITIIRRMRRTRRMIMTTIIRRTMTTRIMITRTTTMTMRRTRITIMTIMMMRTMIITITIMMRTRRRRMRTMTMTIIIMMMITIRRRRMTRTTTRIMIIMTMMTTTIITRRTIMMRIMIRMMMIIRMMRTITIIIMRIMRTMRIRIMRTTMRMMIMMIMRIMITTTIRIRMI,7,63.0000,63,6.5000,2.5495,376,30.0952
253,ITRIIMIRITMMMITTTRTRMMRMRIRRIRTIRMIMMRTTTIMTITIITRTMIITTRIRRTMIIIRRMMMRIRIMTMITTTITIIRRMRRTRRMIMTTIIRRTMTTRIMITRTTTMTMRRTRITIMTIMMMRTMIITITIMMRTRRRRMRTMTMTIIIMMMITIRRRRMTRTTTRIMIIMTMMTTTIITRRTIMMRIMIRMMMIIRMMRTITIIIMRIMRTMRIRIMRTTMRMMIMMIMRIMITTTIRIRMII,8,63.2500,63,8.6875,2.9475,377,30.6595
254,ITRIIMIRITMMMITTTRTRMMRMRIRRIRTIRMIMMRTTTIMTITIITRTMIITTRIRRTMIIIRRMMMRIRIMTMITTTITIIRRMRRTRRMIMTTIIRRTMTTRIMITRTTTMTMRRTRITIMTIMMMRTMIITITIMMRTRRRRMRTMTMTIIIMMMITIRRRRMTRTTTRIMIIMTMMTTTIITRRTIMMRIMIRMMMIIRMMRTITIIIMRIMRTMRIRIMRTTMRMMIMMIMRIMITTTIRIRMIII,9,63.5000,63,11.2500,3.3541,378,32.3240
255,ITRIIMIRITMMMITTTRTRMMRMRIRRIRTIRMIMMRTTTIMTITIITRTMIITTRIRRTMIIIRRMMMRIRIMTMITTTITIIRRMRRTRRMIMTTIIRRTMTTRIMITRTTTMTMRRTRITIMTIMMMRTMIITITIMMRTRRRRMRTMTMTIIIMMMITIRRRRMTRTTTRIMIIMTMMTTTIITRRTIMMRIMIRMMMIIRMMRTITIIIMRIMRTMRIRIMRTTMRMMIMMIMRIMITTTIRIRMIIIT,9,63.7500,63,10.6875,3.2692,379,31.1836
